"","category","operationalisation","bibtexkey","author","title","year"
"85","appropriateForMe","“Generally speaking, I think it is appropriate for me as a student enrolled in PYB110 to . . .[attending peer-assisted study sessions for <U+FB01>rst-year statistics] ” ","NA","White, Katherine M. and O'Connor, Erin L. and Hamilton, Kyra","In-group and role identity influences on the initiation and maintenance of students' voluntary attendance at peer study sessions for statistics.","2011/06//"
"120","appropriateForMe"," “Generally speaking, I think it is appropriate for me as a student enrolled in bachelor of social science (psychology) to attend every peer-assisted study session for 1st-year statistics this semester” ","NA","White, Katherine M. and Thomas, Ian and Johnston, Kim L. and Hyde, Melissa K.","Predicting attendance at peer-assisted study sessions for statistics: Role identity and the theory of planned behavior.","2008/08//"
"276","believeIn","“I firmly believe in the idea of GFBs”","wang2016psychological","Wang, Yao-Fen and Wang, Chung-Jen","Do psychological factors affect green food and beverage behaviour? An application of the theory of planned behaviour","2016"
"35","characteristics"," My consumption is identical with my characteristics.","NA","Oh, Jong-Chul and Yoon, Sung-Joon","Theory-based approach to factors affecting ethical consumption.","2014/05//"
"10","concernedAbout","In general, I am someone who is concerned about the health consequences of what I eat ","NA","Malek, Lenka and Umberger, Wendy J. and Makrides, Maria and ShaoJia, Zhou","Predicting healthy eating intention and adherence to dietary recommendations during pregnancy in Australia using the Theory of Planned Behaviour.","2017/09/01/"
"11","concernedAbout"," I am someone who is concerned with ‘healthy eating’ in general","NA","Malek, Lenka and Umberger, Wendy J. and Makrides, Maria and ShaoJia, Zhou","Predicting healthy eating intention and adherence to dietary recommendations during pregnancy in Australia using the Theory of Planned Behaviour.","2017/09/01/"
"14","concernedAbout"," ‘‘I think of myself as someone who is concerned about the health consequences of what I eat …","NA","Carfora, V. and Caso, D. and Conner, M.","The role of self-identity in predicting fruit and vegetable intake.","2016/11/01/"
"19","concernedAbout"," ‘‘I think of myself as someone who is concerned about ethical issues in consumption’’. ","NA","Chatzidakis, Andreas and Kastanakis, Minas and Stathopoulou, Anastasia","Socio-cognitive determinants of consumers’ support for the fair trade movement.","2016/01//"
"26","concernedAbout","‘I think of myself as someone who is concerned aboutethical issues’ ","NA","Peluso, Alessandro M.","Psychological drivers in the adoption of morally controversial innovations: The moderating role of ethical self-identity.","2015/07//"
"29","concernedAbout"," I am concerned with ethical issues","NA","Cheng, Pi-Yueh and Chu, Mei-Chin","Behavioral factors affecting students’ intentions to enroll in business ethics courses: A comparison of the theory of planned behavior and social cognitive theory using self-identity as a moderator.","2014/09//"
"41","concernedAbout","I think of myself as someone who is concerned about ethical issues ","NA","Dowd, Kylie and Burke, Karena J.","The influence of ethical values and food choice motivations on intentions to purchase sustainably sourced foods.","2013/10/01/"
"75","concernedAbout"," “I think of myself as someone who is concerned with green issues”","NA","Dean, Moira and Raats, Monique M. and Shepherd, Richard","The role of self-identity, past behavior, and their interaction in predicting intention to purchase fresh and processed organic food.","2012/03//"
"95","concernedAbout"," ‘I think of myself as someone who is very concerned with environmental issues ","NA","Whitmarsh, Lorraine and O'Neill, Saffron","Green identity, green living? The role of pro-environmental self-identity in determining consistency across diverse pro-environmental behaviours.","2010/09//"
"97","concernedAbout"," ‘I would not want my family or friends to think of me as someone who is concerned about environmental issues’","NA","Whitmarsh, Lorraine and O'Neill, Saffron","Green identity, green living? The role of pro-environmental self-identity in determining consistency across diverse pro-environmental behaviours.","2010/09//"
"166","concernedAbout"," “How concerned are you about donating blood? ” ","NA","Armitage, Christopher J. and Conner, Mark","Social cognitive determinants of blood donation.","2001/07//"
"188","concernedAbout"," `I think of myself as someone who is concerned with healthy eating' ","NA","Armitage, Christopher J. and Conner, Mark","Predictive validity of the theory of planned behaviour: The role of questionnaire format and social desirability.","1999/07//Jul-Aug, 1999"
"189","concernedAbout"," `I think of myself as someone who is concerned with the health consequences of what I eat' ","NA","Armitage, Christopher J. and Conner, Mark","Predictive validity of the theory of planned behaviour: The role of questionnaire format and social desirability.","1999/07//Jul-Aug, 1999"
"196","concernedAbout"," `I think of myself as someone who is concerned with ``healthy eating''' ","NA","Armitage, Christopher J. and Conner, Mark and Norman, Paul","Differential effects of mood on information processing: Evidence from the theories of reasoned action and planned behaviour.","1999/06//"
"197","concernedAbout"," `I think of myself as someone who is concerned about the health consequences of what I eat' ","NA","Armitage, Christopher J. and Conner, Mark and Norman, Paul","Differential effects of mood on information processing: Evidence from the theories of reasoned action and planned behaviour.","1999/06//"
"200","concernedAbout"," `I thinkof myself as someone who is concerned with healthy eating’ ","NA","Armitage, Christopher J. and Conner, Mark","The theory of planned behaviour: Assessment of predictive validity and 'perceived control'.","1999/03//"
"201","concernedAbout"," ` I think of myself as someone who is concerned with the health consequences of what I eat’ ","NA","Armitage, Christopher J. and Conner, Mark","The theory of planned behaviour: Assessment of predictive validity and 'perceived control'.","1999/03//"
"204","concernedAbout"," “I think of myself as someone who is concerned with healthy. eating”; ","NA","Armitage, Christopher J. and Conner, Mark","Distinguishing perceptions of control from self-efficacy: Predicting consumption of a low-fat diet using the theory of planned behavior.","1999/01//"
"205","concernedAbout"," “I think of myself as someone who is concerned with the health consequences of what I eat” ","NA","Armitage, Christopher J. and Conner, Mark","Distinguishing perceptions of control from self-efficacy: Predicting consumption of a low-fat diet using the theory of planned behavior.","1999/01//"
"208","concernedAbout","“I think of myself as the sort of person who is concerned about the long-term health effects of my food choices” ","NA","Sparks, Paul and Guthrie, Carol A.","Self-identity and the theory of planned behavior: A useful addition or an unhelpful artifice?","1998/08//"
"211","concernedAbout","""I think of myself as someone who is concerned about the health consequences of what I eat"" ","NA","Sparks, Paul and Shepherd, Richard and Wieringa, Nicole and Zimmermanns, Nicole","Perceived behavioural control, unrealistic optimism and dietary change: An exploratory study,.","1995/06//"
"222","concernedAbout"," I think of myself as someone who is very concerned with 'green issues","NA","Sparks, Paul and Shepherd, Richard","Self-identity and the theory of planned behavior: Assessing the role of identification with 'green consumerism.'","1992/12//"
"235","concernedAbout","I think of myself as someone who is very concerned with dietary supplement use ","kiefer2008intention","Kiefer, David J","Intention to Use Dietary Supplements: The Role of Self-Identity and Past Behavior in the Theory of Planned Behavior","2008"
"236","concernedAbout"," I think of myself as the sort of person who is concerned about the long-term effects of supplement use ","kiefer2008intention","Kiefer, David J","Intention to Use Dietary Supplements: The Role of Self-Identity and Past Behavior in the Theory of Planned Behavior","2008"
"249","concernedAbout"," ""I think of myself as a person who is very concerned with the care of his clothes"" ","puntoni2001self","Puntoni, Stefano","Self-Identity and Purchase Intention: an Extension of the Theory of Planned Behaviour","2001"
"279","concernedAbout"," “I think of myself as someone who is very concerned with environmental issues in dining”","wang2016psychological","Wang, Yao-Fen and Wang, Chung-Jen","Do psychological factors affect green food and beverage behaviour? An application of the theory of planned behaviour","2016"
"286","concernedAbout"," ‘‘I think of myself as someone who is concerned about the health consequences of what I eat","carfora2016explaining","Carfora, Valentina","Explaining and promoting healthy food choice: A Theory of Planned Behaviour approach","2016"
"302","concernedAbout"," “I think of myself as someone who is very concerned about water issues"" ","yazdanpanah2011investigating","Yazdanpanah, Masoud and Hayati, Dariush and Zamani, Gholam Hossein","Investigating agricultural professionals' intentions and behaviours towards water conservation: using a modified theory of planned behaviour","2011"
"333","concernedAbout"," I am very concerned with philanthropy. ","dennis2009nature","Dennis, Bryan S and Buchholtz, Ann K and Butts, Marcus M","The nature of giving: A theory of planned behavior examination of corporate philanthropy","2009"
"340","concernedAbout","I think of myself as a person who is concerned about using microcredits ","jebarajakirthy2014war","Jebarajakirthy, Charles and Lobo, Antonio C","War affected youth as consumers of microcredit: an application and extension of the theory of planned behaviour","2014"
"17","considerMyself"," ‘‘I see myself as a safe metro passenger”","NA","Wan, Xin and Schonfeld, Paul M. and Li, Qiming","What factors determine metro passengers’ risky riding behavior? An approach based on an extended theory of planned behavior.","2016/10//"
"59","considerMyself","‘I see myself as a safe motorcyclist’","NA","Chorlton, Kathryn and Conner, Mark and Jamson, Samantha","Identifying the psychological determinants of risky riding: An application of an extended Theory of Planned Behaviour.","2012/11//"
"62","considerMyself"," whether they saw themselves as someone who engaged in sufficient exercise ","NA","de Bruijn, Gert-Jan and Verkooijen, Kirsten and de Vries, Nanne K. and van den Putte, Bas","Antecedents of self identity and consequences for action control: An application of the theory of planned behaviour in the exercise domain.","2012/11//"
"68","considerMyself"," I see myself as a person who...(...drink[ing] more than 8 units on one occasion...) ","NA","Gardner, Benjamin and de Bruijn, Gert-Jan and Lally, Phillippa","Habit, identity, and repetitive action: A prospective study of binge-drinking in UK students.","2012/09//"
"72","considerMyself"," ‘‘I see myself as someone who engages in sufficient exercise’’ ","NA","de Bruijn, Gert-Jan and van den Putte, Bas","Exercise promotion: An integration of exercise self-identity, beliefs, intention, and behaviour.","2012/07//"
"80","considerMyself"," ‘I see myself as a person who smokes’ ","NA","Hassandra, Mary and Vlachopoulos, Symeon P. and Kosmidou, Evdoxia and Hatzigeorgiadis, Antonis and Goudas, Marios and Theodorakis, Yiannis","Predicting students’ intention to smoke by theory of planned behaviour variables and parental influences across school grade levels.","2011/09//"
"92","considerMyself","I consider myself as a person who smokes ","NA","Høie, Magnhild and Moan, Inger Synnøve and Rise, Jostein","An extended version of the theory of planned behavour: Prediction of intentions to quit smoking using past behaviour as moderator.","2010/10//"
"124","considerMyself","“I consider myself a typical buyer of my preferred soft drink” ","NA","Smith, Joanne R. and Terry, Deborah J. and Manstead, Antony S. R. and Louis, Winnifred R. and Kotterman, Diana and Wolfs, Jaqueline","The attitude-behavior relationship in consumer conduct: The role of norms, past behavior, and self-identity.","2008/06//"
"125","considerMyself"," “I see myself as a typical buyer of my preferred soft drink.”","NA","Smith, Joanne R. and Terry, Deborah J. and Manstead, Antony S. R. and Louis, Winnifred R. and Kotterman, Diana and Wolfs, Jaqueline","The attitude-behavior relationship in consumer conduct: The role of norms, past behavior, and self-identity.","2008/06//"
"127","considerMyself","“I consider myself as a typical buyer of my preferred beer” ","NA","Smith, Joanne R. and Terry, Deborah J. and Manstead, Antony S. R. and Louis, Winnifred R. and Kotterman, Diana and Wolfs, Jacqueline","Interaction effects in the theory of planned behavior: The interplay of self-identity and past behavior.","2007/11//"
"128","considerMyself"," “I see myself as a typical buyer of my preferred beer”).","NA","Smith, Joanne R. and Terry, Deborah J. and Manstead, Antony S. R. and Louis, Winnifred R. and Kotterman, Diana and Wolfs, Jacqueline","Interaction effects in the theory of planned behavior: The interplay of self-identity and past behavior.","2007/11//"
"186","considerMyself"," “Would you class yourself as . . . a nondrinker, a light drinker, a moderate drinker, or a heavy drinker?”","NA","Conner, Mark and Warren, Rachel and Close, Stephen and Sparks, Paul","Alcohol consumption and the theory of planned behavior: An examination of the cognitive mediation of past behavior.","1999/08//"
"207","considerMyself","'Generally, do you consider yourself to be a 'safety conscious' pedestrian'","NA","Evans, Daphne and Norman, Paul","Understanding pedestrians' road crossing decisions: An application of the theory of planned behaviour.","1998/12//"
"233","considerMyself","“I see myself to be a healthy eater” ","brouwer2015expanding","Brouwer, Amanda M and Mosack, Katie E","Expanding the theory of planned behavior to predict healthy eating behaviors: Exploring a healthy eater identity","2015"
"244","considerMyself"," I consider myself a typical user of dietary supplements ","kiefer2008intention","Kiefer, David J","Intention to Use Dietary Supplements: The Role of Self-Identity and Past Behavior in the Theory of Planned Behavior","2008"
"245","considerMyself"," I see myself as a typical user of dietary supplements","kiefer2008intention","Kiefer, David J","Intention to Use Dietary Supplements: The Role of Self-Identity and Past Behavior in the Theory of Planned Behavior","2008"
"271","considerMyself","‘I see myself as sporty’ ","jackson2003applying","Jackson, Cath and Smith, Andrew and Conner, Mark","Applying an extended version of the theory of planned behaviour to physical activity","2003"
"272","considerMyself"," ‘I see myself as fit and healthy’ ","jackson2003applying","Jackson, Cath and Smith, Andrew and Conner, Mark","Applying an extended version of the theory of planned behaviour to physical activity","2003"
"273","considerMyself"," ‘I see myself as a physically active person’ ","jackson2003applying","Jackson, Cath and Smith, Andrew and Conner, Mark","Applying an extended version of the theory of planned behaviour to physical activity","2003"
"290","considerMyself","“I consider myself an energy-saver”","pakpour2014household","Pakpour, Amir H and Zeidi, Isa Mohammadi and Emamjomeh, Mohammad Mahdi and Asefzadeh, Saeed and Pearson, Heidi","Household waste behaviours among a community sample in Iran: An application of the theory of planned behaviour","2014"
"307","considerMyself","“I see myself to be a healthy/fruit/vegetable eater.” ","jenkins2015motivating","JENKINS, Amy","Motivating Fruit and Vegetable Consumption Using Self-Identity","2015"
"335","considerMyself","“I see myself as sporty person who participates in sport at least 30 minutes 3 times per week over the next five weeks during leisure time” ","alselaimi2010using","Alselaimi, Abdullah","Using the Theory of Planned Behaviour to investigate the antecedents of physical activity participation among Saudi adolescents","2010"
"338","considerMyself"," “I see myself as a physically active person who exercises vigorously for at least 30 minutes 3 times per week over the next five weeks during leisure time” ","alselaimi2010using","Alselaimi, Abdullah","Using the Theory of Planned Behaviour to investigate the antecedents of physical activity participation among Saudi adolescents","2010"
"260","domainSpecific"," I never read the list of ingredients on the label before using a new personal care product. ","holst2012application","Holst, Anne and Iversen, Julie Maria","An application of a revised theory of planned behavior","2012"
"261","domainSpecific"," I always read the list of ingredients on the label before using a new personal care product. ","holst2012application","Holst, Anne and Iversen, Julie Maria","An application of a revised theory of planned behavior","2012"
"96","embarrassed"," ‘I would be embarrassed to be seen as having an environmentallyfriendly lifestyle’ ","NA","Whitmarsh, Lorraine and O'Neill, Saffron","Green identity, green living? The role of pro-environmental self-identity in determining consistency across diverse pro-environmental behaviours.","2010/09//"
"132","express","“I use MMS to express my personal values.” ","NA","Thorbjørnsen, Helge and Pedersen, Per E. and Nysveen, Herbjørn","'This is who I am': Identity expressiveness and the theory of planned behavior.","2007/09//"
"133","express"," “I use MMS to express who I want to be.” ","NA","Thorbjørnsen, Helge and Pedersen, Per E. and Nysveen, Herbjørn","'This is who I am': Identity expressiveness and the theory of planned behavior.","2007/09//"
"134","express"," “Using mobileservices like MMS is part of how I express my personality.”","NA","Thorbjørnsen, Helge and Pedersen, Per E. and Nysveen, Herbjørn","'This is who I am': Identity expressiveness and the theory of planned behavior.","2007/09//"
"151","express"," ""Participation in physical activities is a way I express myself.""","NA","Tsorbatzoudis, Haralambos","Evaluation of a school-based intervention programme to promote physical activity: An application of the theory of planned behavior.","2005/12//"
"6","feelAtALoss","“I would feel a loss if I were forced to give up SNSs;” ","NA","Ho, Shirley S. and Lwin, May O. and Lee, Edmund W. J.","Till logout do us part? Comparison of factors predicting excessive social network sites use and addiction between Singaporean adolescents and adults.","2017/10//"
"78","feelAtALoss"," I would feel at a loss if could not donate blood.","Lu2012","Lu, Jia","Predicting Blood Donations Among College Students as a Strategy to Design Voluntary Blood Donation Campaigns in China.","2012"
"115","feelAtALoss"," ‘I would feel upset if I was not able to breastfeed’ ","NA","McMillan, Brian and Conner, Mark and Woolridge, Mike and Dyson, Lisa and Green, Josephine and Renfrew, Mary and Bharj, Kuldip and Clarke, Graham","Predicting breastfeeding in women living in areas of economic hardship: Explanatory role of the theory of planned behaviour.","2008/10//"
"130","feelAtALoss","“I would feel lost without using my mobile phone”","NA","Walsh, Shari P. and White, Katherine M.","Me, my mobile, and I: The role of self- and prototypical identity influences in the prediction of mobile phone behavior.","2007/10//"
"140","feelAtALoss"," ‘‘I would feel that I missed out on something if I didn’t smoke’’","NA","Moan, Inger Synnøve and Rise, Jostein","Predicting smoking reduction among adolescents using an extended version of the theory of planned behaviour.","2006/12//"
"149","feelAtALoss","""I would feel that I lost something, if I could not participate in physical activities for at least 3 times a week in the next 3 mo.,"" ","NA","Tsorbatzoudis, Haralambos","Evaluation of a school-based intervention programme to promote physical activity: An application of the theory of planned behavior.","2005/12//"
"152","feelAtALoss","'I would feel that I would lose something, if I could not eat healthily for the next three months' ","NA","Tsorbatzoudis, Haralambos","Evaluation of a planned behavior theory-based intervention programme to promote healthy eating.","2005/10//"
"180","feelAtALoss"," `I would feel at a loss if were forced to give up household recycling ’","NA","Terry, Deborah J. and Hogg, Michael A. and White, Katherine M.","The theory of planned behaviour: Self-identity, social identity and group norms.","1999/09//"
"182","feelAtALoss"," “I would feel a loss if I were forced to give up drinking alcohol” ","NA","Conner, Mark and Warren, Rachel and Close, Stephen and Sparks, Paul","Alcohol consumption and the theory of planned behavior: An examination of the cognitive mediation of past behavior.","1999/08//"
"192","feelAtALoss"," ` I would feel at a loss if I were forced to give up using cannabis/marijuana’ ","NA","Conner, Mark and McMillan, Brian","Interaction effects in the theory of planned behavior: Studying cannabis use.","1999/06//"
"217","feelAtALoss","""I would feel a loss, if I gave up exercising during the next two months"" ","NA","Theodorakis, Yannis","Planned behavior, attitude strength, role identity, and the prediction of exercise behavior.","1994/06//"
"225","feelAtALoss"," I would feel a loss if I were forced to give up donating blood. ","NA","Charng, Hong-wen and Piliavin, Jane A. and Callero, Peter L.","Role identity and reasoned action in the prediction of repeated behavior.","1988/12//"
"240","feelAtALoss"," I would feel a loss if I were forced to give up my dietary supplement use ","kiefer2008intention","Kiefer, David J","Intention to Use Dietary Supplements: The Role of Self-Identity and Past Behavior in the Theory of Planned Behavior","2008"
"255","feelAtALoss","‘‘I would feel at a loss if I were forced to give up my volunteering’’ ","veludo2013accounting","Veludo-de-Oliveira, Tania and Pallister, John G and Foxall, Gordon R","Accounting for sustained volunteering by young people: An expanded TPB","2013"
"330","feelAtALoss"," “I would feel a loss if I were forced to give up donatingblood”","wevers2014return","Wevers, Anne and Wigboldus, Dani{\""e}l HJ and van Baaren, Rick and Veldhuizen, Ingrid JT","Return behavior of occasional and multigallon blood donors: the role of theory of planned behavior, self-identity, and organizational variables","2014"
"336","feelAtALoss"," “I would feel at a loss if I were forced to give up exercising vigorously for at least 30 minutes 3 times per week over the next five weeks during leisure time” ","alselaimi2010using","Alselaimi, Abdullah","Using the Theory of Planned Behaviour to investigate the antecedents of physical activity participation among Saudi adolescents","2010"
"60","howIWantToLive","[..] engaging in sufficient exercise was something that [..] fitted the way they wanted to live, ","NA","de Bruijn, Gert-Jan and Verkooijen, Kirsten and de Vries, Nanne K. and van den Putte, Bas","Antecedents of self identity and consequences for action control: An application of the theory of planned behaviour in the exercise domain.","2012/11//"
"70","howIWantToLive","‘‘Engaging in sufficient exercise is something that fits the way I want to live’’ ","NA","de Bruijn, Gert-Jan and van den Putte, Bas","Exercise promotion: An integration of exercise self-identity, beliefs, intention, and behaviour.","2012/07//"
"106","howIWantToLive"," “Quitting smoking within the next 3 months fits with how I want to live” ","NA","van den Putte, Bas and Yzer, Marco and Willemsen, Marc C. and de Bruijn, Gert-Jan","The effects of smoking self-identity and quitting self-identity on attempts to quit smoking.","2009/09//"
"108","howIWantToLive"," “Smoking fits with how I want to live”","NA","van den Putte, Bas and Yzer, Marco and Willemsen, Marc C. and de Bruijn, Gert-Jan","The effects of smoking self-identity and quitting self-identity on attempts to quit smoking.","2009/09//"
"280","howIWantToLive","[Engaging in physical exercise is something that] fits the way I want to live ","verkooijen2013exercise","Verkooijen, Kirsten T and de Bruijn, Gert-Jan","Exercise self-identity: Interactions with social comparison and exercise behaviour","2013"
"16","iAm","‘‘I am the sort of passenger who rides safely and carefully at every opportunity” ","NA","Wan, Xin and Schonfeld, Paul M. and Li, Qiming","What factors determine metro passengers’ risky riding behavior? An approach based on an extended theory of planned behavior.","2016/10//"
"38","iAm"," “I am typical of the sort of person who would<U+2009>…” [walking for exercise when the opportunity arises during my next long-haul flight”/“doing seated exercise when the opportunity arises during my next long-haul flight”]","NA","Leyland, Sandra D. and van Wersch, Anna and Woodhouse, David","Testing an extended theory of planned behaviour to predict intention to participate in health-related exercise during long-distance flight travel.","2014/01//"
"55","iAm","“I am the sort of rider who rides safely at every opportunity” ","NA","Tunnicliff, Deborah J. and Watson, Barry C. and White, Katherine M. and Hyde, Melissa K. and Schonfeld, Cynthia C. and Wishart, Darren E.","Understanding the factors influencing safe and unsafe motorcycle rider intentions.","2012/11//"
"57","iAm"," “I am the sort of rider who takes risks at every opportunity” ","NA","Tunnicliff, Deborah J. and Watson, Barry C. and White, Katherine M. and Hyde, Melissa K. and Schonfeld, Cynthia C. and Wishart, Darren E.","Understanding the factors influencing safe and unsafe motorcycle rider intentions.","2012/11//"
"71","iAm"," ‘‘Engaging in sufficient exercise is something that fits who I am’’ ","NA","de Bruijn, Gert-Jan and van den Putte, Bas","Exercise promotion: An integration of exercise self-identity, beliefs, intention, and behaviour.","2012/07//"
"82","iAm"," ‘I am the type of the person who smokes’","NA","Hassandra, Mary and Vlachopoulos, Symeon P. and Kosmidou, Evdoxia and Hatzigeorgiadis, Antonis and Goudas, Marios and Theodorakis, Yiannis","Predicting students’ intention to smoke by theory of planned behaviour variables and parental influences across school grade levels.","2011/09//"
"83","iAm","“Subsidised /non-subsidised nature conservation practices are part of who I am” ","NA","Lokhorst, Anne Marike and Staats, Henk and van Dijk, Jerry and van Dijk, Eric and de Snoo, Geert","What's in it for me? Motivational differences between farmers' subsidised and non-subsidised conservation practices.","2011/07//"
"135","iAm","""Generally, I am the type who is going to teach multicultural classes,""","NA","Tsigilis, Nikolaos and Tsioumis, Konstantinos and Gregoriadis, Athanasios","Applicability of the planned behavior theory to attitudes of students in early childhood education toward teaching cutltually diverse classes: The role of self-identity.","2007/06//"
"154","iAm"," 'Healthy eating is an expression of who I am'","NA","Tsorbatzoudis, Haralambos","Evaluation of a planned behavior theory-based intervention programme to promote healthy eating.","2005/10//"
"258","iAm"," I am very self-conscious about my health. ","holst2012application","Holst, Anne and Iversen, Julie Maria","An application of a revised theory of planned behavior","2012"
"259","iAm"," I am very involved with my health. ","holst2012application","Holst, Anne and Iversen, Julie Maria","An application of a revised theory of planned behavior","2012"
"281","iAm"," [Engaging in physical exercise is something that] fits who I am ","verkooijen2013exercise","Verkooijen, Kirsten T and de Bruijn, Gert-Jan","Exercise self-identity: Interactions with social comparison and exercise behaviour","2013"
"312","iAm"," “Donating blood is a part of who I am”","masser2009predicting","Masser, Barbara M and White, Katherine M and Hyde, Melissa K and Terry, Deborah J and Robinson, Natalie G","Predicting blood donation intentions and behavior among Australian blood donors: testing an extended theory of planned behavior model","2009"
"342","iAm"," I am proud to use microcredits","jebarajakirthy2014war","Jebarajakirthy, Charles and Lobo, Antonio C","War affected youth as consumers of microcredit: an application and extension of the theory of planned behaviour","2014"
"15","iAmA","“I am a microblog user”","NA","Jiang, Caihong and Zhao, Wenguo and Sun, Xianghong and Zhang, Kan and Zheng, Rui and Qu, Weina","The effects of the self and social identity on the intention to microblog: An extension of the theory of planned behavior.","2016/11//"
"136","iAmA","[‘I think of myself as’:] a person who teaches dance’ ","NA","Chedzoy, S. M. and Burden, R. L.","What can psychology tell us about teaching dance? The potential contribution of Ajzen's Theory of Planned Behavior.","2007/04//"
"216","iAmA"," ""I am a person who must teach individuals with disabilities during the next years.""","NA","Theodorakis, Yannis and Bagiatis, Konstantinos and Goudas, Marios","Attitudes toward teaching individuals with disabilities: Application of planned behavior theory.","1995/04//"
"296","iAmA","‘I am a non-smoker’ ","karimy2012intention","Karimy, Mahmood and Niknami, Shamsaddin and Hidarnia, Ali Reza and Hajizadeh, Ibrahim","Intention to start cigarette smoking among Iranian male adolescents: usefulness of an extended version of the theory of planned behaviour","2012"
"297","iAmA"," ‘I am an occasional smoker’ ","karimy2012intention","Karimy, Mahmood and Niknami, Shamsaddin and Hidarnia, Ali Reza and Hajizadeh, Ibrahim","Intention to start cigarette smoking among Iranian male adolescents: usefulness of an extended version of the theory of planned behaviour","2012"
"298","iAmA"," ‘I am an irregular smoker’ ","karimy2012intention","Karimy, Mahmood and Niknami, Shamsaddin and Hidarnia, Ali Reza and Hajizadeh, Ibrahim","Intention to start cigarette smoking among Iranian male adolescents: usefulness of an extended version of the theory of planned behaviour","2012"
"299","iAmA"," ‘I am a regular smoker’ ","karimy2012intention","Karimy, Mahmood and Niknami, Shamsaddin and Hidarnia, Ali Reza and Hajizadeh, Ibrahim","Intention to start cigarette smoking among Iranian male adolescents: usefulness of an extended version of the theory of planned behaviour","2012"
"300","iAmA"," ‘I am an ex-smoker’","karimy2012intention","Karimy, Mahmood and Niknami, Shamsaddin and Hidarnia, Ali Reza and Hajizadeh, Ibrahim","Intention to start cigarette smoking among Iranian male adolescents: usefulness of an extended version of the theory of planned behaviour","2012"
"323","iAmA","[""I think of myself as a ] clear thinker ","celuch2002promoting","Celuch, Kevin and Slama, Mark","Promoting critical thinking and life-long learning: An experiment with the theory of planned behavior","2002"
"324","iAmA"," [""I think of myself as a ] deep thinker ","celuch2002promoting","Celuch, Kevin and Slama, Mark","Promoting critical thinking and life-long learning: An experiment with the theory of planned behavior","2002"
"325","iAmA"," [""I think of myself as a ] accurate thinker ","celuch2002promoting","Celuch, Kevin and Slama, Mark","Promoting critical thinking and life-long learning: An experiment with the theory of planned behavior","2002"
"326","iAmA","[""I think of myself as a ] broadminded thinker""","celuch2002promoting","Celuch, Kevin and Slama, Mark","Promoting critical thinking and life-long learning: An experiment with the theory of planned behavior","2002"
"23","image","“The idea of participating in the [target behavior] to commercialize my research…” Item 3: “…fits well into the image that I have of myself and my scientific work”","NA","Obschonka, Martin and Silbereisen, Rainer K. and Cantner, Uwe and Goethner, Maximilian","Entrepreneurial self-identity: Predictors and effects within the theory of planned behavior framework.","2015/12//"
"34","image"," My consumption is identical with my image. ","NA","Oh, Jong-Chul and Yoon, Sung-Joon","Theory-based approach to factors affecting ethical consumption.","2014/05//"
"88","important"," As a student enrolled in PYB110, I think it is important for me to . . . [attending peer-assisted study sessions for <U+FB01>rst-year statistics] ","NA","White, Katherine M. and O'Connor, Erin L. and Hamilton, Kyra","In-group and role identity influences on the initiation and maintenance of students' voluntary attendance at peer study sessions for statistics.","2011/06//"
"123","important"," “As a student enrolled in bachelor of social science (psychology), I think it is important for me to attend every peer-assisted study session for 1st-year statistics this semester.”","NA","White, Katherine M. and Thomas, Ian and Johnston, Kim L. and Hyde, Melissa K.","Predicting attendance at peer-assisted study sessions for statistics: Role identity and the theory of planned behavior.","2008/08//"
"165","important","“For you personally, how important is blood donation?‘ ","NA","Armitage, Christopher J. and Conner, Mark","Social cognitive determinants of blood donation.","2001/07//"
"268","important"," I think it is important to buy organic products in order to protect the environment. ","holst2012application","Holst, Anne and Iversen, Julie Maria","An application of a revised theory of planned behavior","2012"
"269","important"," I think it is important to buy organic products in order to protect myself and loved ones. ","holst2012application","Holst, Anne and Iversen, Julie Maria","An application of a revised theory of planned behavior","2012"
"8","importantPart"," “SNSs are an important part of who I am.”","NA","Ho, Shirley S. and Lwin, May O. and Lee, Edmund W. J.","Till logout do us part? Comparison of factors predicting excessive social network sites use and addiction between Singaporean adolescents and adults.","2017/10//"
"18","importantPart","‘‘To support fair trade is an important part of who I am’’. ","NA","Chatzidakis, Andreas and Kastanakis, Minas and Stathopoulou, Anastasia","Socio-cognitive determinants of consumers’ support for the fair trade movement.","2016/01//"
"31","importantPart","To volunteer is an important part of my identity","NA","Marta, Elena and Manzi, Claudia and Pozzi, Maura and Vignoles, Vivian Laurance","Identity and the theory of planned behavior: Predicting maintenance of volunteering after three years.","2014/05//"
"39","importantPart","Blood [organ] donation is an important part of who I am”","NA","Hyde, Melissa K. and Knowles, Simon R. and White, Katherine M.","Donating blood and organs: Using an extended theory of planned behavior perspective to identify similarities and differences in individual motivations to donate.","2013/12//"
"45","importantPart","“Does driving faster than the speed limit on urban roads/country roads/fast dual carriageways or motorways form an important part of who you are as a person?” (1 = no, not at all to 9 = yes, very much so)","NA","Elliott, Mark A. and Thomson, James A. and Robertson, Kirsty and Stephenson, Carry and Wicks, John","Evidence that changes in social cognitions predict changes in self-reported driver behavior: Causal analyses of two-wave panel data.","2013/01//"
"56","importantPart"," “Being a safe rider is an important part of who I am” ","NA","Tunnicliff, Deborah J. and Watson, Barry C. and White, Katherine M. and Hyde, Melissa K. and Schonfeld, Cynthia C. and Wishart, Darren E.","Understanding the factors influencing safe and unsafe motorcycle rider intentions.","2012/11//"
"58","importantPart"," “Being a rider who takes risks is an important part of who I am”","NA","Tunnicliff, Deborah J. and Watson, Barry C. and White, Katherine M. and Hyde, Melissa K. and Schonfeld, Cynthia C. and Wishart, Darren E.","Understanding the factors influencing safe and unsafe motorcycle rider intentions.","2012/11//"
"64","importantPart","“To engage in household recycling is an important part of who I am,” ","NA","White, Katherine M. and Hyde, Melissa K.","The role of self-perceptions in the prediction of household recycling behavior in Australia.","2012/11//"
"66","importantPart","(...drink[ing] more than 8 units on one occasion...) ... is an important part of who I am ","NA","Gardner, Benjamin and de Bruijn, Gert-Jan and Lally, Phillippa","Habit, identity, and repetitive action: A prospective study of binge-drinking in UK students.","2012/09//"
"76","importantPart","Donating blood is an important part of who I am. ","Lu2012","Lu, Jia","Predicting Blood Donations Among College Students as a Strategy to Design Voluntary Blood Donation Campaigns in China.","2012"
"79","importantPart","‘Smoking is an important part of myself’ ","NA","Hassandra, Mary and Vlachopoulos, Symeon P. and Kosmidou, Evdoxia and Hatzigeorgiadis, Antonis and Goudas, Marios and Theodorakis, Yiannis","Predicting students’ intention to smoke by theory of planned behaviour variables and parental influences across school grade levels.","2011/09//"
"91","importantPart","“Does driving faster than the speed limit form an important part of who you are as a person?”","NA","Elliott, Mark A. and Thomson, James A.","The social cognitive determinants of offending drivers’ speeding behaviour.","2010/11//"
"98","importantPart","‘‘Being a mobile phone user is an important part of who I am’","NA","Burger, Christoph and Riemer, Valentin and Grafeneder, Jürgen and Woisetschläger, Bianca and Vidovic, Dragana and Hergovich, Andreas","Reaching the mobile respondent: Determinants of high-level mobile phone use among a high-coverage group.","2010/08//"
"99","importantPart","“Supporting the LGB community is an important part of who I am”","NA","Wilkinson, Wayne W. and Sagarin, Brad J.","Psychological antecedents of heterosexuals' pro-gay activism behavior.","2010/08//"
"100","importantPart","‘To engage in householdrecycling is an important part of who I am’","NA","Nigbur, Dennis and Lyons, Evanthia and Uzzell, David","Attitudes, norms, identity and environmental behaviour: Using an expanded theory of planned behaviour to predict participation in a kerbside recycling programme.","2010/06//"
"101","importantPart","‘Being an organ donor is an important part of who I am’","NA","Hyde, Melissa K. and White, Katherine M.","Are organ donation communication decisions reasoned or reactive? A test of the utility of an augmented theory of planned behaviour with the prototype/willingness model.","2010/05//"
"102","importantPart","“Does riding faster than [30 mph/70 mph] on roads like this form an important part of who you are as a person?”","NA","Elliott, Mark A.","Predicting motorcyclists’ intentions to speed: Effects of selected cognitions from the theory of planned behaviour, self-identity and social identity.","2010/03//"
"109","importantPart","“To be/continue to be an organ and/or tissue donor is an important part of who I am,”","NA","Hyde, Melissa K. and White, Katherine M.","To be a donor or not to be? Applying an extended theory of planned behavior to predict posthumous organ donation intentions.","2009/04//"
"110","importantPart","‘‘Being the type of person who participates in parenting education is an important part of who I am’’","NA","White, Katherine M. and Wellington, Larne","Predicting participation in group parenting education in an Australian sample: The role of attitudes, norms, and control factors.","2009/03//"
"112","importantPart"," ‘‘To engage in environmental activism is an important part of who I am’ ","NA","Fielding, Kelly S. and McDonald, Rachel and Louis, Winnifred R.","Theory of planned behaviour, identity and intentions to engage in environmental activism.","2008/12//"
"114","importantPart","‘Breastfeeding would be an important part of who I am’ ","NA","McMillan, Brian and Conner, Mark and Woolridge, Mike and Dyson, Lisa and Green, Josephine and Renfrew, Mary and Bharj, Kuldip and Clarke, Graham","Predicting breastfeeding in women living in areas of economic hardship: Explanatory role of the theory of planned behaviour.","2008/10//"
"118","importantPart","‘To engage in health promoting behaviours is an important part of who I am’","NA","Mason, Tania E. and White, Katherine M.","Applying an extended model of the theory of planned behaviour to breast self-examination.","2008/10//"
"126","importantPart","“To do physical activity is an important part of who I am,”","NA","Hamilton, Kyra and White, Katherine M.","Extending the theory of planned behavior: The role of self and social influences in predicting adolescent regular moderate-to- vigorous physical activity.","2008/02//"
"129","importantPart","“Being a mobile phone user is an important part of who I am”","NA","Walsh, Shari P. and White, Katherine M.","Me, my mobile, and I: The role of self- and prototypical identity influences in the prediction of mobile phone behavior.","2007/10//"
"141","importantPart","‘buying a magazine in the next 2 weeks is an important part ofwho I am’ ","NA","Hagger, Martin S. and Chatzisarantis, Nikos L. D.","Self-identity and the theory of planned behaviour: Between- and within-participants analyses.","2006/12//"
"150","importantPart"," ""Participation in physical activities for at least 3 times a week in the next 3 mo. is an important part of my life,"" ","NA","Tsorbatzoudis, Haralambos","Evaluation of a school-based intervention programme to promote physical activity: An application of the theory of planned behavior.","2005/12//"
"153","importantPart"," 'Healthy eating for the next three months is an important part of my life' ","NA","Tsorbatzoudis, Haralambos","Evaluation of a planned behavior theory-based intervention programme to promote healthy eating.","2005/10//"
"160","importantPart","‘To give blood is an important part of who I am’","NA","Giles, M. and McClenahan, C. and Cairns, E. and Mallet, J.","An application of the Theory of Planned Behaviour to blood donation: The importance of self-efficacy.","2004/08//"
"172","importantPart"," “Blood donation is an important part of who I am” (strongly disagree-strongly agree).","NA","Armitage, Christopher J. and Conner, Mark","Social cognitive determinants of blood donation.","2001/07//"
"176","importantPart","“Contraception is an important part of who I am” ","NA","Fekadu, Zelalem and Kraft, Pål","Self-identity in planned behavior perspective: Past behavior and its moderating effects on self-identity–intention relations.","2001///"
"178","importantPart","`To engage in householdrecycling is an important part of who I am ’ ","NA","Terry, Deborah J. and Hogg, Michael A. and White, Katherine M.","The theory of planned behaviour: Self-identity, social identity and group norms.","1999/09//"
"181","importantPart","“Drinking alcohol is an important part of who I am” ","NA","Conner, Mark and Warren, Rachel and Close, Stephen and Sparks, Paul","Alcohol consumption and the theory of planned behavior: An examination of the cognitive mediation of past behavior.","1999/08//"
"194","importantPart"," `Using cannabis/marijuana is an important part of who I am.’","NA","Conner, Mark and McMillan, Brian","Interaction effects in the theory of planned behavior: Studying cannabis use.","1999/06//"
"213","importantPart","""To teach individuals with disabilities during the next years is an important part of myself,"" ","NA","Theodorakis, Yannis and Bagiatis, Konstantinos and Goudas, Marios","Attitudes toward teaching individuals with disabilities: Application of planned behavior theory.","1995/04//"
"218","importantPart"," ""To participate in the program of this gym during the next two months, is an important part of myself"" ","NA","Theodorakis, Yannis","Planned behavior, attitude strength, role identity, and the prediction of exercise behavior.","1994/06//"
"228","importantPart"," Blood donation is an important part of who I am","NA","Charng, Hong-wen and Piliavin, Jane A. and Callero, Peter L.","Role identity and reasoned action in the prediction of repeated behavior.","1988/12//"
"241","importantPart"," To engage in dietary supplement use is an important part of who I am ","kiefer2008intention","Kiefer, David J","Intention to Use Dietary Supplements: The Role of Self-Identity and Past Behavior in the Theory of Planned Behavior","2008"
"246","importantPart","“The oral cavity and dental health are an important part of who I am” ","dumitrescu2013predicting","Dumitrescu, Alexandrina L and Duta, Carmen and Dogaru, Carmen Beatrice and Manolescu, Bogdan","Predicting Undergraduates' Intentions to Improve Oral Health Behaviors: The Importance of Self--Identity--A Pilot Study","2013"
"288","importantPart"," Using of RE at homes is an important part of who I am ","yazdanpanah2015governance","Yazdanpanah, Masoud and Komendantova, Nadejda and Ardestani, Roshanak Shafiei","Governance of energy transition in Iran: Investigating public acceptance and willingness to use renewable energy sources through socio-psychological model","2015"
"291","importantPart","“Volunteering my time for a charity/non-profit organization (being a blood donor/donating money) is an important part of who I am” ","white2017identity","White, Katherine M and Poulsen, Brooke E and Hyde, Melissa K","Identity and personality influences on donating money, time, and blood","2017"
"294","importantPart"," “Being helpful to others is an important part of who I am” ","white2017identity","White, Katherine M and Poulsen, Brooke E and Hyde, Melissa K","Identity and personality influences on donating money, time, and blood","2017"
"303","importantPart"," ""Engaging in water conservation activities is an important part of who I am""","yazdanpanah2011investigating","Yazdanpanah, Masoud and Hayati, Dariush and Zamani, Gholam Hossein","Investigating agricultural professionals' intentions and behaviours towards water conservation: using a modified theory of planned behaviour","2011"
"305","importantPart"," Engaging in water conservation activities is an important part of who I am ","yazdanpanah2016investigating","Yazdanpanah, Masoud and Forouzani, Masoumeh and Abdeshahi, Abbas and Jafari, Ahmad","Investigating the effect of moral norm and self-identity on the intention toward water conservation among Iranian young adults","2016"
"317","importantPart","Purchasing green products makes an important part of my personality. ","ham2015predicting","Ham, Marija and Štimac, Helena and Pap, Ana and Oec, Mag","Predicting the intention to purchase green food in Croatia--the influence of percieved self-identity","2015"
"322","importantPart"," “Blood donation is an important part of who I am”","masser2012predicting","Masser, Barbara M and Bednall, Timothy C and White, Katherine M and Terry, Deborah","Predicting the retention of first-time donors using an extended Theory of Planned Behavior","2012"
"329","importantPart"," “Blood donation is an important part of who I am,” ","wevers2014return","Wevers, Anne and Wigboldus, Dani{\""e}l HJ and van Baaren, Rick and Veldhuizen, Ingrid JT","Return behavior of occasional and multigallon blood donors: the role of theory of planned behavior, self-identity, and organizational variables","2014"
"331","importantPart","""Donating blood is an important part of who I am.""","manning2006joint","Manning, Mark","The joint effects of persuasion and implementation intentions: an investigation using the theory of planned behavior.","2006"
"334","importantPart"," Philanthropy is an important part of who I am.","dennis2009nature","Dennis, Bryan S and Buchholtz, Ann K and Butts, Marcus M","The nature of giving: A theory of planned behavior examination of corporate philanthropy","2009"
"24","importantToMe","Donation is important to me ","NA","Bagot, Kathleen L. and Masser, Barbara M. and White, Katherine M.","Using an extended theory of planned behavior to predict a change in the type of blood product donated.","2015/08//"
"262","importantToMe"," It is important to me that my personal care products are branded with an eco-label such as the Flower, the Nordic Swan or Eco-Cert. ","holst2012application","Holst, Anne and Iversen, Julie Maria","An application of a revised theory of planned behavior","2012"
"263","importantToMe"," It is not important to me that my personal care products are branded with an eco-label such as the Flower, the Nordic Swan or Eco-Cert. ","holst2012application","Holst, Anne and Iversen, Julie Maria","An application of a revised theory of planned behavior","2012"
"311","importantToMe"," “Blood donation is important to me,” ","masser2009predicting","Masser, Barbara M and White, Katherine M and Hyde, Melissa K and Terry, Deborah J and Robinson, Natalie G","Predicting blood donation intentions and behavior among Australian blood donors: testing an extended theory of planned behavior model","2009"
"313","importantToMe","“Blood donation is important to me” (not at all to a great deal) ","mcmahon2008predicting","McMahon, Roz and Byrne, Molly","Predicting donation among an Irish sample of donors and nondonors: extending the theory of planned behavior","2008"
"320","importantToMe","Blood donation is important to me,” ","masser2012predicting","Masser, Barbara M and Bednall, Timothy C and White, Katherine M and Terry, Deborah","Predicting the retention of first-time donors using an extended Theory of Planned Behavior","2012"
"2","kindOfPerson"," “I am the type of person who enjoys a drink.”","NA","Haydon, Helen M. and Obst, Patricia L. and Lewis, Ioni","Examining women's alcohol consumption: The theory of planned behavior and self-identity.","2018/01//"
"3","kindOfPerson"," “I am the type of person who doesn't mind getting a bit drunk.” ","NA","Haydon, Helen M. and Obst, Patricia L. and Lewis, Ioni","Examining women's alcohol consumption: The theory of planned behavior and self-identity.","2018/01//"
"20","kindOfPerson"," ‘‘I am not the type of person oriented to support fair trade’’.","NA","Chatzidakis, Andreas and Kastanakis, Minas and Stathopoulou, Anastasia","Socio-cognitive determinants of consumers’ support for the fair trade movement.","2016/01//"
"22","kindOfPerson"," “The idea of participating in the [target behavior] to commercialize my research…Item 2: “…is completely alien to me”","NA","Obschonka, Martin and Silbereisen, Rainer K. and Cantner, Uwe and Goethner, Maximilian","Entrepreneurial self-identity: Predictors and effects within the theory of planned behavior framework.","2015/12//"
"25","kindOfPerson"," I am the kind of person who is a donor","NA","Bagot, Kathleen L. and Masser, Barbara M. and White, Katherine M.","Using an extended theory of planned behavior to predict a change in the type of blood product donated.","2015/08//"
"30","kindOfPerson","‘I am the type of person to get tested for chlamydia regularly’","NA","Booth, Amy R. and Norman, Paul and Goyder, Elizabeth and Harris, Peter R. and Campbell, Michael J.","Pilot study of a brief intervention based on the theory of planned behaviour and self-identity to increase chlamydia testing among young people living in deprived areas.","2014/09//"
"36","kindOfPerson","‘I am the kind of person who gets tested for chlamydia [regularly]’","NA","Booth, Amy R. and Norman, Paul and Harris, Peter R. and Goyder, Elizabeth","Using the theory of planned behaviour and self-identity to explain chlamydia testing intentions in young people living in deprived areas.","2014/02//"
"37","kindOfPerson","“I am the type of person who would<U+2009>…[walking for exercise when the opportunity arises during my next long-haul flight”/“doing seated exercise when the opportunity arises during my next long-haul flight”]” ","NA","Leyland, Sandra D. and van Wersch, Anna and Woodhouse, David","Testing an extended theory of planned behaviour to predict intention to participate in health-related exercise during long-distance flight travel.","2014/01//"
"40","kindOfPerson","“I am the type of person who would register as a bone marrow donor,”","NA","Hyde, Melissa K. and White, Katherine M.","Testing an extended theory of planned behavior to predict young people's intentions to join a bone marrow donor registry.","2013/12//"
"61","kindOfPerson"," [..] engaging in sufficient exercise was something that [..] fits who they are ","NA","de Bruijn, Gert-Jan and Verkooijen, Kirsten and de Vries, Nanne K. and van den Putte, Bas","Antecedents of self identity and consequences for action control: An application of the theory of planned behaviour in the exercise domain.","2012/11//"
"63","kindOfPerson"," if they were a typical person who engages in sufficient exercise","NA","de Bruijn, Gert-Jan and Verkooijen, Kirsten and de Vries, Nanne K. and van den Putte, Bas","Antecedents of self identity and consequences for action control: An application of the theory of planned behaviour in the exercise domain.","2012/11//"
"65","kindOfPerson"," “I am not the type of person oriented to engage in household recycling,”","NA","White, Katherine M. and Hyde, Melissa K.","The role of self-perceptions in the prediction of household recycling behavior in Australia.","2012/11//"
"67","kindOfPerson"," It would be out of character for me not to... (...drink[ing] more than 8 units on one occasion...) ","NA","Gardner, Benjamin and de Bruijn, Gert-Jan and Lally, Phillippa","Habit, identity, and repetitive action: A prospective study of binge-drinking in UK students.","2012/09//"
"73","kindOfPerson"," ‘‘I am a typical person who engages in sufficient exercise’’","NA","de Bruijn, Gert-Jan and van den Putte, Bas","Exercise promotion: An integration of exercise self-identity, beliefs, intention, and behaviour.","2012/07//"
"77","kindOfPerson"," I am not the type of person who donates blood. ","Lu2012","Lu, Jia","Predicting Blood Donations Among College Students as a Strategy to Design Voluntary Blood Donation Campaigns in China.","2012"
"81","kindOfPerson"," ‘It’s in my character to be a smoker’ ","NA","Hassandra, Mary and Vlachopoulos, Symeon P. and Kosmidou, Evdoxia and Hatzigeorgiadis, Antonis and Goudas, Marios and Theodorakis, Yiannis","Predicting students’ intention to smoke by theory of planned behaviour variables and parental influences across school grade levels.","2011/09//"
"84","kindOfPerson"," “Subsidised / non-subsidised nature conservation practices are somethingthat is typical for me”","NA","Lokhorst, Anne Marike and Staats, Henk and van Dijk, Jerry and van Dijk, Eric and de Snoo, Geert","What's in it for me? Motivational differences between farmers' subsidised and non-subsidised conservation practices.","2011/07//"
"93","kindOfPerson"," I am a good example of a person who smokes","NA","Høie, Magnhild and Moan, Inger Synnøve and Rise, Jostein","An extended version of the theory of planned behavour: Prediction of intentions to quit smoking using past behaviour as moderator.","2010/10//"
"103","kindOfPerson","‘‘I am the type of person who uses social networking Web sites (e.g. Facebook, MySpace, Bebo)’","NA","Pelling, Emma L. and White, Katherine M.","The theory of planned behavior applied to young people's use of social networking Web sites.","2009/12//"
"104","kindOfPerson","‘I am the type of person who would discuss my organ donation decision with my partner or family members’","NA","Hyde, Melissa K. and White, Katherine M.","Disclosing donation decisions: The role of organ donor prototypes in an extended theory of planned behaviour.","2009/12//"
"105","kindOfPerson","“Quitting smoking within the next 3 months fits with the kind of person I want to be” ","NA","van den Putte, Bas and Yzer, Marco and Willemsen, Marc C. and de Bruijn, Gert-Jan","The effects of smoking self-identity and quitting self-identity on attempts to quit smoking.","2009/09//"
"107","kindOfPerson"," “Smoking fits with the kind of person I want to be” ","NA","van den Putte, Bas and Yzer, Marco and Willemsen, Marc C. and de Bruijn, Gert-Jan","The effects of smoking self-identity and quitting self-identity on attempts to quit smoking.","2009/09//"
"113","kindOfPerson"," ‘‘I am not the type of person who would be involved in environmental activism’’","NA","Fielding, Kelly S. and McDonald, Rachel and Louis, Winnifred R.","Theory of planned behaviour, identity and intentions to engage in environmental activism.","2008/12//"
"131","kindOfPerson","“I am not the type of person oriented touseamobilephone.”","NA","Walsh, Shari P. and White, Katherine M.","Me, my mobile, and I: The role of self- and prototypical identity influences in the prediction of mobile phone behavior.","2007/10//"
"137","kindOfPerson"," [‘I think of myself as’:] a person who generally recognises the educational benefits of dance’.","NA","Chedzoy, S. M. and Burden, R. L.","What can psychology tell us about teaching dance? The potential contribution of Ajzen's Theory of Planned Behavior.","2007/04//"
"139","kindOfPerson"," ‘‘I’m a good example of a person who smokes’’ ","NA","Moan, Inger Synnøve and Rise, Jostein","Predicting smoking reduction among adolescents using an extended version of the theory of planned behaviour.","2006/12//"
"142","kindOfPerson"," ‘I think of myself as the type of person who would buy a magazine in the next 2 weeks.’","NA","Hagger, Martin S. and Chatzisarantis, Nikos L. D.","Self-identity and the theory of planned behaviour: Between- and within-participants analyses.","2006/12//"
"143","kindOfPerson","""Generally I'm the type of a person who behaves unsportsmanlike, ","NA","Bebetsos, Evangelos and Konstantoulas, Doukas","Contact Sports, Moral Functioning and Planned Behaviour Theory.","2006/08//"
"144","kindOfPerson"," [..] ""Generally I'm the type of a person who behaves [..] to lie to an official, ","NA","Bebetsos, Evangelos and Konstantoulas, Doukas","Contact Sports, Moral Functioning and Planned Behaviour Theory.","2006/08//"
"145","kindOfPerson"," [..] ""Generally I'm the type of a person who behaves [..] to violate a rule, to risk an opponent's injury, ","NA","Bebetsos, Evangelos and Konstantoulas, Doukas","Contact Sports, Moral Functioning and Planned Behaviour Theory.","2006/08//"
"146","kindOfPerson"," [..] ""Generally I'm the type of a person who behaves [..] to deliberately hurt an opponent""","NA","Bebetsos, Evangelos and Konstantoulas, Doukas","Contact Sports, Moral Functioning and Planned Behaviour Theory.","2006/08//"
"147","kindOfPerson","“I am the type of person that would eat GM food.” ","NA","Spence, Alexa and Townsend, Ellen","Examining Consumer Behavior Toward Genetically Modified (GM) Food in Britain.","2006/06//"
"148","kindOfPerson"," “I am the kind of person who will only eat food that has beengrown naturally without genetic modification.”","NA","Spence, Alexa and Townsend, Ellen","Examining Consumer Behavior Toward Genetically Modified (GM) Food in Britain.","2006/06//"
"158","kindOfPerson"," “I’m a good example of a person who smokes,” ","NA","Moan, Inger Synnøve and Rise, Jostein","Quitting Smoking: Applying an Extended Version of the Theory of Planned Behavior to Predict Intention and Behavior.","2005///"
"163","kindOfPerson","I am the type of person who will purchase food produced using genetic engineering ","NA","Cook, A. J. and Kerr, G. N. and Moore, K.","Attitudes and intentions towards purchasing GM food.","2002/10//"
"164","kindOfPerson"," I am the type of person who will not purchase food produced using genetic engineering","NA","Cook, A. J. and Kerr, G. N. and Moore, K.","Attitudes and intentions towards purchasing GM food.","2002/10//"
"177","kindOfPerson"," “I am not a type of person oriented to engaging in contraception”.","NA","Fekadu, Zelalem and Kraft, Pål","Self-identity in planned behavior perspective: Past behavior and its moderating effects on self-identity–intention relations.","2001///"
"179","kindOfPerson"," `I am not the type of person oriented to engage in household recycling ’ ","NA","Terry, Deborah J. and Hogg, Michael A. and White, Katherine M.","The theory of planned behaviour: Self-identity, social identity and group norms.","1999/09//"
"214","kindOfPerson"," ""I am the type of person oriented to teach individuals with disabilities during the next years,"" ","NA","Theodorakis, Yannis and Bagiatis, Konstantinos and Goudas, Marios","Attitudes toward teaching individuals with disabilities: Application of planned behavior theory.","1995/04//"
"215","kindOfPerson"," ""It is in my character to teach individuals with disabilities during the next years,"" ","NA","Theodorakis, Yannis and Bagiatis, Konstantinos and Goudas, Marios","Attitudes toward teaching individuals with disabilities: Application of planned behavior theory.","1995/04//"
"219","kindOfPerson"," ""I am the type of person oriented to participate in the program of this gym during the next two months.""","NA","Theodorakis, Yannis","Planned behavior, attitude strength, role identity, and the prediction of exercise behavior.","1994/06//"
"230","kindOfPerson"," “I am the type of person who enjoys a drink.” ","haydon2018examining","Haydon, Helen M and Obst, Patricia L and Lewis, Ioni","Examining Women's Alcohol Consumption: The Theory of Planned Behavior and Self-Identity","2018"
"231","kindOfPerson"," “I am the type of person who doesn’t mind getting a bit drunk.” ","haydon2018examining","Haydon, Helen M and Obst, Patricia L and Lewis, Ioni","Examining Women's Alcohol Consumption: The Theory of Planned Behavior and Self-Identity","2018"
"242","kindOfPerson"," I am not the type of person to engage in dietary supplement use ","kiefer2008intention","Kiefer, David J","Intention to Use Dietary Supplements: The Role of Self-Identity and Past Behavior in the Theory of Planned Behavior","2008"
"243","kindOfPerson"," I am not the type of person oriented to use dietary supplements ","kiefer2008intention","Kiefer, David J","Intention to Use Dietary Supplements: The Role of Self-Identity and Past Behavior in the Theory of Planned Behavior","2008"
"283","kindOfPerson"," [Engaging in physical exercise is something that] is typical for me","verkooijen2013exercise","Verkooijen, Kirsten T and de Bruijn, Gert-Jan","Exercise self-identity: Interactions with social comparison and exercise behaviour","2013"
"287","kindOfPerson","I am the type of person who would use RE at homes ","yazdanpanah2015governance","Yazdanpanah, Masoud and Komendantova, Nadejda and Ardestani, Roshanak Shafiei","Governance of energy transition in Iran: Investigating public acceptance and willingness to use renewable energy sources through socio-psychological model","2015"
"289","kindOfPerson"," I am not the type of person who would be involved in using RE at homes","yazdanpanah2015governance","Yazdanpanah, Masoud and Komendantova, Nadejda and Ardestani, Roshanak Shafiei","Governance of energy transition in Iran: Investigating public acceptance and willingness to use renewable energy sources through socio-psychological model","2015"
"292","kindOfPerson"," “I am the type of person who would volunteer my time for a charity/non-profit organization ","white2017identity","White, Katherine M and Poulsen, Brooke E and Hyde, Melissa K","Identity and personality influences on donating money, time, and blood","2017"
"295","kindOfPerson"," “I am the type of person who helps others,”","white2017identity","White, Katherine M and Poulsen, Brooke E and Hyde, Melissa K","Identity and personality influences on donating money, time, and blood","2017"
"306","kindOfPerson"," I am the type of person who would conserve water","yazdanpanah2016investigating","Yazdanpanah, Masoud and Forouzani, Masoumeh and Abdeshahi, Abbas and Jafari, Ahmad","Investigating the effect of moral norm and self-identity on the intention toward water conservation among Iranian young adults","2016"
"310","kindOfPerson","“I am the kind of person whodonates blood,” ","masser2009predicting","Masser, Barbara M and White, Katherine M and Hyde, Melissa K and Terry, Deborah J and Robinson, Natalie G","Predicting blood donation intentions and behavior among Australian blood donors: testing an extended theory of planned behavior model","2009"
"316","kindOfPerson","“I am the type of person who would reduce the amount of fruit and vegetables that gets thrown away from my household over the next seven days”","graham2015predicting","Graham-Rowe, Ella and Jessop, Donna C and Sparks, Paul","Predicting household food waste reduction using an extended theory of planned behaviour","2015"
"321","kindOfPerson"," “I am like the kind of person who donates blood,” ","masser2012predicting","Masser, Barbara M and Bednall, Timothy C and White, Katherine M and Terry, Deborah","Predicting the retention of first-time donors using an extended Theory of Planned Behavior","2012"
"327","kindOfPerson","Do you feel like you have the profile of someone who does a lot physical activity?","santina2017psychosocial","Santina, Tania and Godin, Gaston and Gagné, Camille and Guillaumie, Laurence","Psychosocial determinants of physical activity at school among Lebanese children: an application of the planned behavior theory","2017"
"337","kindOfPerson"," “I am the type of person who enjoys exercising vigorously for at least 30 minutes three times per week over the next five weeks during leisure time” ","alselaimi2010using","Alselaimi, Abdullah","Using the Theory of Planned Behaviour to investigate the antecedents of physical activity participation among Saudi adolescents","2010"
"32","lifestyle","My consumption is identical with my lifestyle. ","NA","Oh, Jong-Chul and Yoon, Sung-Joon","Theory-based approach to factors affecting ethical consumption.","2014/05//"
"7","meansMoreThan"," “For me, being a SNSs user means more than just using SNSs;” ","NA","Ho, Shirley S. and Lwin, May O. and Lee, Edmund W. J.","Till logout do us part? Comparison of factors predicting excessive social network sites use and addiction between Singaporean adolescents and adults.","2017/10//"
"168","meansMoreThan"," “For me, being a blood donor means more than just donating blood” ","NA","Armitage, Christopher J. and Conner, Mark","Social cognitive determinants of blood donation.","2001/07//"
"184","meansMoreThan"," “For me, alcohol consumption means more than just having a drink” ","NA","Conner, Mark and Warren, Rachel and Close, Stephen and Sparks, Paul","Alcohol consumption and the theory of planned behavior: An examination of the cognitive mediation of past behavior.","1999/08//"
"193","meansMoreThan"," ` For me, being a cannabis/marijuana user means more than just using cannabis/marijuana’ ","NA","Conner, Mark and McMillan, Brian","Interaction effects in the theory of planned behavior: Studying cannabis use.","1999/06//"
"227","meansMoreThan"," For me, being a blood donor means more than just donating blood. ","NA","Charng, Hong-wen and Piliavin, Jane A. and Callero, Peter L.","Role identity and reasoned action in the prediction of repeated behavior.","1988/12//"
"256","meansMoreThan"," ‘‘For me, being a volunteer means more than just volunteer work’’","veludo2013accounting","Veludo-de-Oliveira, Tania and Pallister, John G and Foxall, Gordon R","Accounting for sustained volunteering by young people: An expanded TPB","2013"
"328","meansMoreThan","“For me, being a blood donor means more than just donating blood,” ","wevers2014return","Wevers, Anne and Wigboldus, Dani{\""e}l HJ and van Baaren, Rick and Veldhuizen, Ingrid JT","Return behavior of occasional and multigallon blood donors: the role of theory of planned behavior, self-identity, and organizational variables","2014"
"28","miscellaneous","I will study hard for the ethics courses ","NA","Cheng, Pi-Yueh and Chu, Mei-Chin","Behavioral factors affecting students’ intentions to enroll in business ethics courses: A comparison of the theory of planned behavior and social cognitive theory using self-identity as a moderator.","2014/09//"
"46","miscellaneous","Trying to come to an understanding with parties related to the problem makes me feel as a good member of the organization ","Hoang2013","Hoang, Thu Gia","Reconceptualizing organizational commitment using the theory of reasoned action: Testing antecedents of multiple organizational behaviors.","2012"
"47","miscellaneous"," In collaboration with related parties in the organization, trying to find a solution that is satisfactory to everybody makes me feel as a good member of the organization ","Hoang2013","Hoang, Thu Gia","Reconceptualizing organizational commitment using the theory of reasoned action: Testing antecedents of multiple organizational behaviors.","2012"
"48","miscellaneous"," Trying to work out an ideal solution in collaboration with related parities makes me feel as a good member of the organization ","Hoang2013","Hoang, Thu Gia","Reconceptualizing organizational commitment using the theory of reasoned action: Testing antecedents of multiple organizational behaviors.","2012"
"49","miscellaneous"," Together with related parties in the organization, exploring each other<U+201F>s opinions until the problems are solved makes me feel as a good member of the organization ","Hoang2013","Hoang, Thu Gia","Reconceptualizing organizational commitment using the theory of reasoned action: Testing antecedents of multiple organizational behaviors.","2012"
"50","miscellaneous"," Talking with related parties in the organization about the problem until a total agreement is reached makes me feel as a good member of the organization ","Hoang2013","Hoang, Thu Gia","Reconceptualizing organizational commitment using the theory of reasoned action: Testing antecedents of multiple organizational behaviors.","2012"
"51","miscellaneous"," Suggesting solutions to related parties in the organization in dealing with organizational problems makes me feel as a good member of the organization ","Hoang2013","Hoang, Thu Gia","Reconceptualizing organizational commitment using the theory of reasoned action: Testing antecedents of multiple organizational behaviors.","2012"
"52","miscellaneous"," Immediately reporting the problem to supervisor and related parties in the organization makes me feel as a good member of the organization ","Hoang2013","Hoang, Thu Gia","Reconceptualizing organizational commitment using the theory of reasoned action: Testing antecedents of multiple organizational behaviors.","2012"
"53","miscellaneous"," Immediately trying to find a solution makes me feel as a good member of the organization ","Hoang2013","Hoang, Thu Gia","Reconceptualizing organizational commitment using the theory of reasoned action: Testing antecedents of multiple organizational behaviors.","2012"
"54","miscellaneous"," Trying to think of different solutions to the problem makes me feel as a good member of the organization","Hoang2013","Hoang, Thu Gia","Reconceptualizing organizational commitment using the theory of reasoned action: Testing antecedents of multiple organizational behaviors.","2012"
"155","miscellaneous","“To what extent does trying to get more information about a medication for an advertised antiarthritic prescription medicine from each of the following sources during the next six weeks affect you” (“1 = does not affect” and “7 = does affect”) ","NA","Liu, Yifei and Doucette, William R. and Farris, Karen B. and Nayakankuppam, Dhananjay","Drug information-seeking intention and behavior after exposure to direct-to-consumer advertisement of prescription drugs.","2005/06//"
"156","miscellaneous"," “Quite frankly, I don't care about trying to get more information about a medication for an advertised antiarthritic prescription medicine from each of the following sources during the next six weeks” (“1 = strongly disagree” and “7 = strongly agree”)","NA","Liu, Yifei and Doucette, William R. and Farris, Karen B. and Nayakankuppam, Dhananjay","Drug information-seeking intention and behavior after exposure to direct-to-consumer advertisement of prescription drugs.","2005/06//"
"167","miscellaneous"," “To what extent does blood donation affect you personally?” ","NA","Armitage, Christopher J. and Conner, Mark","Social cognitive determinants of blood donation.","2001/07//"
"169","miscellaneous"," “Quite frankly, I don’t care about blood donation” ","NA","Armitage, Christopher J. and Conner, Mark","Social cognitive determinants of blood donation.","2001/07//"
"185","miscellaneous"," “Drinking alcohol is a normal part of everyday life.” ","NA","Conner, Mark and Warren, Rachel and Close, Stephen and Sparks, Paul","Alcohol consumption and the theory of planned behavior: An examination of the cognitive mediation of past behavior.","1999/08//"
"226","miscellaneous"," I really do not have any clear feelings about blood donation (reversed). ","NA","Charng, Hong-wen and Piliavin, Jane A. and Callero, Peter L.","Role identity and reasoned action in the prediction of repeated behavior.","1988/12//"
"234","miscellaneous"," “I have numerous goals related to healthy eating”","brouwer2015expanding","Brouwer, Amanda M and Mosack, Katie E","Expanding the theory of planned behavior to predict healthy eating behaviors: Exploring a healthy eater identity","2015"
"239","miscellaneous"," I really do not have any clear feelings about dietary supplement use ","kiefer2008intention","Kiefer, David J","Intention to Use Dietary Supplements: The Role of Self-Identity and Past Behavior in the Theory of Planned Behavior","2008"
"265","miscellaneous"," Unless each of us recognizes the need to protect the environment, future generations will suffer the consequences. ","holst2012application","Holst, Anne and Iversen, Julie Maria","An application of a revised theory of planned behavior","2012"
"270","miscellaneous"," The environment is one of the most important issues facing society today.","holst2012application","Holst, Anne and Iversen, Julie Maria","An application of a revised theory of planned behavior","2012"
"277","miscellaneous"," “I involve in GFB actions”","wang2016psychological","Wang, Yao-Fen and Wang, Chung-Jen","Do psychological factors affect green food and beverage behaviour? An application of the theory of planned behaviour","2016"
"308","miscellaneous"," “I have numerous goals related to healthy eating/ eating fruit/ eating vegetables” ","jenkins2015motivating","JENKINS, Amy","Motivating Fruit and Vegetable Consumption Using Self-Identity","2015"
"314","miscellaneous"," “The issue of blood donation is...”(not relevant to me torelevant to me) ","mcmahon2008predicting","McMahon, Roz and Byrne, Molly","Predicting donation among an Irish sample of donors and nondonors: extending the theory of planned behavior","2008"
"319","miscellaneous"," Green products are a part of my lifestyle.","ham2015predicting","Ham, Marija and Štimac, Helena and Pap, Ana and Oec, Mag","Predicting the intention to purchase green food in Croatia--the influence of percieved self-identity","2015"
"341","miscellaneous"," It is part of my life to seek microcredits ","jebarajakirthy2014war","Jebarajakirthy, Charles and Lobo, Antonio C","War affected youth as consumers of microcredit: an application and extension of the theory of planned behaviour","2014"
"116","perceivedProjectedImage"," ‘I wouldn’t like other people to see me as the sort of woman who would breastfeed’ ","NA","McMillan, Brian and Conner, Mark and Woolridge, Mike and Dyson, Lisa and Green, Josephine and Renfrew, Mary and Bharj, Kuldip and Clarke, Graham","Predicting breastfeeding in women living in areas of economic hardship: Explanatory role of the theory of planned behaviour.","2008/10//"
"117","perceivedProjectedImage"," ‘I wouldn’t like other people to see me as the sort of woman who would bottle feed’","NA","McMillan, Brian and Conner, Mark and Woolridge, Mike and Dyson, Lisa and Green, Josephine and Renfrew, Mary and Bharj, Kuldip and Clarke, Graham","Predicting breastfeeding in women living in areas of economic hardship: Explanatory role of the theory of planned behaviour.","2008/10//"
"274","perceivedProjectedImage"," ‘Others might see me as a couch potato’","jackson2003applying","Jackson, Cath and Smith, Andrew and Conner, Mark","Applying an extended version of the theory of planned behaviour to physical activity","2003"
"44","personal"," “I separate my waste because I want to feel that I personally contribute to reducing air pollution”","NA","Barata, Raquel and Castro, Paula","'I feel recycling matters… sometimes': The negative influence of ambivalence on waste separation among teenagers.","2013/09//"
"170","personal"," “The issues of blood donation is . . . (not personally relevant-personally relevant)"" ","NA","Armitage, Christopher J. and Conner, Mark","Social cognitive determinants of blood donation.","2001/07//"
"267","personal"," Personally, I cannot help to slow down environmental deterioration. ","holst2012application","Holst, Anne and Iversen, Julie Maria","An application of a revised theory of planned behavior","2012"
"171","rarelyEvenThinkAbout"," “Blood donation is something I rarely even think about” ","NA","Armitage, Christopher J. and Conner, Mark","Social cognitive determinants of blood donation.","2001/07//"
"183","rarelyEvenThinkAbout"," “Drinking alcohol is something I rarely even think about” ","NA","Conner, Mark and Warren, Rachel and Close, Stephen and Sparks, Paul","Alcohol consumption and the theory of planned behavior: An examination of the cognitive mediation of past behavior.","1999/08//"
"224","rarelyEvenThinkAbout","Blood donation is something I rarely even think about (reversed). ","NA","Charng, Hong-wen and Piliavin, Jane A. and Callero, Peter L.","Role identity and reasoned action in the prediction of repeated behavior.","1988/12//"
"238","rarelyEvenThinkAbout"," Supplement use is something I rarely even think about ","kiefer2008intention","Kiefer, David J","Intention to Use Dietary Supplements: The Role of Self-Identity and Past Behavior in the Theory of Planned Behavior","2008"
"257","rarelyEvenThinkAbout","I reflect about my health a lot. ","holst2012application","Holst, Anne and Iversen, Julie Maria","An application of a revised theory of planned behavior","2012"
"315","rarelyEvenThinkAbout"," “Blood donation is something I rarely think about”","mcmahon2008predicting","McMahon, Roz and Byrne, Molly","Predicting donation among an Irish sample of donors and nondonors: extending the theory of planned behavior","2008"
"87","role"," For me, . . . [attending peer-assisted study sessions for <U+FB01>rst-year statistics] will not assist in fulfilling my role as a student enrolled in PYB110 ","NA","White, Katherine M. and O'Connor, Erin L. and Hamilton, Kyra","In-group and role identity influences on the initiation and maintenance of students' voluntary attendance at peer study sessions for statistics.","2011/06//"
"89","role"," To what extent do you think that . . .[attending peer-assisted study sessions for <U+FB01>rst-year statistics] is a significant part of your role as a student enrolled in PYB110?","NA","White, Katherine M. and O'Connor, Erin L. and Hamilton, Kyra","In-group and role identity influences on the initiation and maintenance of students' voluntary attendance at peer study sessions for statistics.","2011/06//"
"90","role","“I would be the person primarily responsible for initiating a discussion of DBS surgery with this patient,”","Langteau2010","Langteau, Rita Ann","Neurologists' discussion intentions regarding a medical innovation: An examination of psychological determinants and personal normative influences.","2010"
"119","role","To what extent do you think that attending every peer-assisted study session for 1st-year statistics this semester is a significant part of your role as a student enrolled in bachelor of social science (psychology)? ","NA","White, Katherine M. and Thomas, Ian and Johnston, Kim L. and Hyde, Melissa K.","Predicting attendance at peer-assisted study sessions for statistics: Role identity and the theory of planned behavior.","2008/08//"
"122","role"," “For me, attending every peer-assisted study session for 1st-year statistics this semester will not assist in fulfilling my role as a student enrolled in bachelor of social science (psychology)” ","NA","White, Katherine M. and Thomas, Ian and Johnston, Kim L. and Hyde, Melissa K.","Predicting attendance at peer-assisted study sessions for statistics: Role identity and the theory of planned behavior.","2008/08//"
"293","roleIdentity"," general role identity as: ","white2017identity","White, Katherine M and Poulsen, Brooke E and Hyde, Melissa K","Identity and personality influences on donating money, time, and blood","2017"
"21","self","“The idea of participating in the [target behavior] to commercialize my research…”; Item 1: “…does not fit my self-concept” ","NA","Obschonka, Martin and Silbereisen, Rainer K. and Cantner, Uwe and Goethner, Maximilian","Entrepreneurial self-identity: Predictors and effects within the theory of planned behavior framework.","2015/12//"
"282","self"," [Engaging in physical exercise is something that] is how I perceive myself ","verkooijen2013exercise","Verkooijen, Kirsten T and de Bruijn, Gert-Jan","Exercise self-identity: Interactions with social comparison and exercise behaviour","2013"
"309","self"," “Being a healthy/fruit/vegetable eater is a central factor to my self-concept.”","jenkins2015motivating","JENKINS, Amy","Motivating Fruit and Vegetable Consumption Using Self-Identity","2015"
"1","selfAs","“I think of myself as a drinker.”","NA","Haydon, Helen M. and Obst, Patricia L. and Lewis, Ioni","Examining women's alcohol consumption: The theory of planned behavior and self-identity.","2018/01//"
"4","selfAs"," “I think of myself as fun because I have a few drinks.”","NA","Haydon, Helen M. and Obst, Patricia L. and Lewis, Ioni","Examining women's alcohol consumption: The theory of planned behavior and self-identity.","2018/01//"
"5","selfAs","‘I think of myself as an environmentally-friendly consumer","NA","Carfora, V. and Caso, D. and Sparks, P. and Conner, M.","Moderating effects of pro-environmental self-identity on pro-environmental intentions and behaviour: A multi-behaviour study.","2017/11//"
"9","selfAs","I think of myself as an ethical shopper","NA","O'Connor, Erin L. and Sims, Lauren and White, Katherine M.","Ethical food choices: Examining people’s Fair Trade purchasing decisions.","2017/09//"
"12","selfAs","“I think of myself as a healthy eater” ","NA","Carfora, V. and Caso, D. and Conner, M.","The role of self-identity in predicting fruit and vegetable intake.","2016/11/01/"
"13","selfAs"," “I think of myself as a person who is interested in eating healthy” ","NA","Carfora, V. and Caso, D. and Conner, M.","The role of self-identity in predicting fruit and vegetable intake.","2016/11/01/"
"27","selfAs"," ‘I think of myself as an ethical person’","NA","Peluso, Alessandro M.","Psychological drivers in the adoption of morally controversial innovations: The moderating role of ethical self-identity.","2015/07//"
"42","selfAs"," I think of myself as an ethical consumer","NA","Dowd, Kylie and Burke, Karena J.","The influence of ethical values and food choice motivations on intentions to purchase sustainably sourced foods.","2013/10/01/"
"43","selfAs","“I like to think of myself as someone with environmental concern” ","NA","Barata, Raquel and Castro, Paula","'I feel recycling matters… sometimes': The negative influence of ambivalence on waste separation among teenagers.","2013/09//"
"69","selfAs"," I like to think of myself as someone who... (...drink[ing] more than 8 units on one occasion...)","NA","Gardner, Benjamin and de Bruijn, Gert-Jan and Lally, Phillippa","Habit, identity, and repetitive action: A prospective study of binge-drinking in UK students.","2012/09//"
"74","selfAs","“I think of myself as a green consumer,” ","NA","Dean, Moira and Raats, Monique M. and Shepherd, Richard","The role of self-identity, past behavior, and their interaction in predicting intention to purchase fresh and processed organic food.","2012/03//"
"86","selfAs"," “Thinking of myself as a student enrolled in PYB110, it is not important for me to . . .[attending peer-assisted study sessions for <U+FB01>rst-year statistics] ” ","NA","White, Katherine M. and O'Connor, Erin L. and Hamilton, Kyra","In-group and role identity influences on the initiation and maintenance of students' voluntary attendance at peer study sessions for statistics.","2011/06//"
"94","selfAs","‘I think of myself as an environmentally-friendly consumer’, ","NA","Whitmarsh, Lorraine and O'Neill, Saffron","Green identity, green living? The role of pro-environmental self-identity in determining consistency across diverse pro-environmental behaviours.","2010/09//"
"111","selfAs","‘‘I think of myself as an environmental activist’’ ","NA","Fielding, Kelly S. and McDonald, Rachel and Louis, Winnifred R.","Theory of planned behaviour, identity and intentions to engage in environmental activism.","2008/12//"
"121","selfAs"," “Thinking of myself as a student enrolled in bachelor of social science (psychology), it is not important for me to attend every peer-assisted study session for 1st-year statistics this semester” ","NA","White, Katherine M. and Thomas, Ian and Johnston, Kim L. and Hyde, Melissa K.","Predicting attendance at peer-assisted study sessions for statistics: Role identity and the theory of planned behavior.","2008/08//"
"138","selfAs","‘‘I look at myself as a person who smokes’’ ","NA","Moan, Inger Synnøve and Rise, Jostein","Predicting smoking reduction among adolescents using an extended version of the theory of planned behaviour.","2006/12//"
"157","selfAs","“1 look at myself as a person who smokes,” ","NA","Moan, Inger Synnøve and Rise, Jostein","Quitting Smoking: Applying an Extended Version of the Theory of Planned Behavior to Predict Intention and Behavior.","2005///"
"159","selfAs"," “I first and foremost look at myself as a nonsmoker.”","NA","Moan, Inger Synnøve and Rise, Jostein","Quitting Smoking: Applying an Extended Version of the Theory of Planned Behavior to Predict Intention and Behavior.","2005///"
"161","selfAs","‘I like to think of myself as someone who always thinks carefully about how to cross the road’ ","NA","Evans, Daphne and Norman, Paul","Predicting adolescent pedestrians' road-crossing intentions: An application and extension of the Theory of Planned Behaviour.","2003/05//"
"162","selfAs"," ‘I like to think of myself as a careful pedestrian’","NA","Evans, Daphne and Norman, Paul","Predicting adolescent pedestrians' road-crossing intentions: An application and extension of the Theory of Planned Behaviour.","2003/05//"
"173","selfAs","""I think of myself as someone who is sexually liberated."" ","NA","Conner, Mark and Flesch, Dina","Having casual sex: Additive and interactive effects of alcohol and condom availability on the determinants of intentions.","2001/01//"
"174","selfAs"," ""I think of myself as someone who is broadminded with regards to casual sex.""","NA","Conner, Mark and Flesch, Dina","Having casual sex: Additive and interactive effects of alcohol and condom availability on the determinants of intentions.","2001/01//"
"175","selfAs","“I look at myself as a person who eats healthy food""","NA","Åstrøm, Anne Nordrehaug and Rise, Jostein","Young adults' intention to eat healthy food: Extending the theory of planned behaviour.","2001///"
"187","selfAs","`I think of myself as a ``healthy eater'' ","NA","Armitage, Christopher J. and Conner, Mark","Predictive validity of the theory of planned behaviour: The role of questionnaire format and social desirability.","1999/07//Jul-Aug, 1999"
"190","selfAs"," `I think of myself as someone who enjoys the pleasures of eating'","NA","Armitage, Christopher J. and Conner, Mark","Predictive validity of the theory of planned behaviour: The role of questionnaire format and social desirability.","1999/07//Jul-Aug, 1999"
"191","selfAs","I think of myself as a cannabis/ marijuana user’ ","NA","Conner, Mark and McMillan, Brian","Interaction effects in the theory of planned behavior: Studying cannabis use.","1999/06//"
"195","selfAs","`I think of myself as a healthy eater' ","NA","Armitage, Christopher J. and Conner, Mark and Norman, Paul","Differential effects of mood on information processing: Evidence from the theories of reasoned action and planned behaviour.","1999/06//"
"198","selfAs"," `I think of myself as someone who enjoys the pleasures of eating'","NA","Armitage, Christopher J. and Conner, Mark and Norman, Paul","Differential effects of mood on information processing: Evidence from the theories of reasoned action and planned behaviour.","1999/06//"
"199","selfAs","`I think of myself as a `` healthy eater ’’ ’ ","NA","Armitage, Christopher J. and Conner, Mark","The theory of planned behaviour: Assessment of predictive validity and 'perceived control'.","1999/03//"
"202","selfAs"," `I think of myself as someone who enjoys the pleasures of eating","NA","Armitage, Christopher J. and Conner, Mark","The theory of planned behaviour: Assessment of predictive validity and 'perceived control'.","1999/03//"
"203","selfAs","“I think of myself as a healthy eater” ","NA","Armitage, Christopher J. and Conner, Mark","Distinguishing perceptions of control from self-efficacy: Predicting consumption of a low-fat diet using the theory of planned behavior.","1999/01//"
"206","selfAs"," “I think of myself as someone who enjoys the pleasures of eating.”","NA","Armitage, Christopher J. and Conner, Mark","Distinguishing perceptions of control from self-efficacy: Predicting consumption of a low-fat diet using the theory of planned behavior.","1999/01//"
"209","selfAs"," “I think of myself as someone who generally thinks carefully about the health consequences of my food choices” ","NA","Sparks, Paul and Guthrie, Carol A.","Self-identity and the theory of planned behavior: A useful addition or an unhelpful artifice?","1998/08//"
"210","selfAs"," “I think of myself as a health-conscious person”","NA","Sparks, Paul and Guthrie, Carol A.","Self-identity and the theory of planned behavior: A useful addition or an unhelpful artifice?","1998/08//"
"212","selfAs"," ""I think of myself as someone who enjoys the pleasures of eating""","NA","Sparks, Paul and Shepherd, Richard and Wieringa, Nicole and Zimmermanns, Nicole","Perceived behavioural control, unrealistic optimism and dietary change: An exploratory study,.","1995/06//"
"220","selfAs","I think of myself as a 'health-conscious consumer ","NA","Sparks, Paul and Shepherd, Richard","Self-identity and the theory of planned behavior: Assessing the role of identification with 'green consumerism.'","1992/12//"
"221","selfAs"," I think of myself as a 'green consumer' ","NA","Sparks, Paul and Shepherd, Richard","Self-identity and the theory of planned behavior: Assessing the role of identification with 'green consumerism.'","1992/12//"
"223","selfAs","""Generally speaking, do you usually think of yourself as a Republican, a Democrat, an independent, or what?""","NA","Granberg, Donald and Holmberg, Sören","The intention-behavior relationship among U.S. and Swedish voters.","1990/03//"
"229","selfAs","“I think of myself as a drinker.” ","haydon2018examining","Haydon, Helen M and Obst, Patricia L and Lewis, Ioni","Examining Women's Alcohol Consumption: The Theory of Planned Behavior and Self-Identity","2018"
"232","selfAs"," “I think of myself as fun because I have a few drinks.”","haydon2018examining","Haydon, Helen M and Obst, Patricia L and Lewis, Ioni","Examining Women's Alcohol Consumption: The Theory of Planned Behavior and Self-Identity","2018"
"237","selfAs"," I think of myself as someone who generally thinks carefully about the health consequences of dietary supplement use ","kiefer2008intention","Kiefer, David J","Intention to Use Dietary Supplements: The Role of Self-Identity and Past Behavior in the Theory of Planned Behavior","2008"
"247","selfAs"," “I think of myself as someone who cares about his dental health”","dumitrescu2013predicting","Dumitrescu, Alexandrina L and Duta, Carmen and Dogaru, Carmen Beatrice and Manolescu, Bogdan","Predicting Undergraduates' Intentions to Improve Oral Health Behaviors: The Importance of Self--Identity--A Pilot Study","2013"
"248","selfAs","""I regard myself as a person preoccupied with always being in expensive and high quality clothing"" ","puntoni2001self","Puntoni, Stefano","Self-Identity and Purchase Intention: an Extension of the Theory of Planned Behaviour","2001"
"250","selfAs"," ""I think of myself as a trendy person""","puntoni2001self","Puntoni, Stefano","Self-Identity and Purchase Intention: an Extension of the Theory of Planned Behaviour","2001"
"251","selfAs","“I think of my self as a young enterpreneur” ","patiro2016theory","Patiro, Shine Pintor S and Budiyanti, Hety","The Theory of Planned Behavior, Past Behavior, Situational Factors, and Self-Identity Factors Drive Indonesian Enterpreneurs to Be Indebtedness","2016"
"252","selfAs"," “I think of my self as a optimist person” ","patiro2016theory","Patiro, Shine Pintor S and Budiyanti, Hety","The Theory of Planned Behavior, Past Behavior, Situational Factors, and Self-Identity Factors Drive Indonesian Enterpreneurs to Be Indebtedness","2016"
"253","selfAs"," “I think of my self as a liable person ","patiro2016theory","Patiro, Shine Pintor S and Budiyanti, Hety","The Theory of Planned Behavior, Past Behavior, Situational Factors, and Self-Identity Factors Drive Indonesian Enterpreneurs to Be Indebtedness","2016"
"254","selfAs"," “I think of my self as a honest person”","patiro2016theory","Patiro, Shine Pintor S and Budiyanti, Hety","The Theory of Planned Behavior, Past Behavior, Situational Factors, and Self-Identity Factors Drive Indonesian Enterpreneurs to Be Indebtedness","2016"
"275","selfAs","“I think of myself as someone who eat healthy ”","bilim2015determinants","Ibrahim Bilim","Determinants of healthy eating behaviours among middle school students: The Theory of Planned Behaviour Approach","2015"
"278","selfAs"," “I think of myself as a green food consumer” ","wang2016psychological","Wang, Yao-Fen and Wang, Chung-Jen","Do psychological factors affect green food and beverage behaviour? An application of the theory of planned behaviour","2016"
"284","selfAs","“I think of myself as a healthy eater ","carfora2016explaining","Carfora, Valentina","Explaining and promoting healthy food choice: A Theory of Planned Behaviour approach","2016"
"285","selfAs"," “I think of myself as someone who is concern with healthy eating” ","carfora2016explaining","Carfora, Valentina","Explaining and promoting healthy food choice: A Theory of Planned Behaviour approach","2016"
"301","selfAs","""I think of myself as an water conservation person"" ","yazdanpanah2011investigating","Yazdanpanah, Masoud and Hayati, Dariush and Zamani, Gholam Hossein","Investigating agricultural professionals' intentions and behaviours towards water conservation: using a modified theory of planned behaviour","2011"
"304","selfAs","I think of myself as a water conservation person ","yazdanpanah2016investigating","Yazdanpanah, Masoud and Forouzani, Masoumeh and Abdeshahi, Abbas and Jafari, Ahmad","Investigating the effect of moral norm and self-identity on the intention toward water conservation among Iranian young adults","2016"
"318","selfAs"," I think of myself as a person of great interest in green products ","ham2015predicting","Ham, Marija and Štimac, Helena and Pap, Ana and Oec, Mag","Predicting the intention to purchase green food in Croatia--the influence of percieved self-identity","2015"
"332","selfAs","I think of myself as a philanthropist. ","dennis2009nature","Dennis, Bryan S and Buchholtz, Ann K and Butts, Marcus M","The nature of giving: A theory of planned behavior examination of corporate philanthropy","2009"
"339","selfAs"," “I think of myself as someone who exercises vigorously for at least 30 minutes 3 times per week over the next five weeks during leisure time”.","alselaimi2010using","Alselaimi, Abdullah","Using the Theory of Planned Behaviour to investigate the antecedents of physical activity participation among Saudi adolescents","2010"
"264","should"," A substantial amount of money should be devoted to environmental protection. ","holst2012application","Holst, Anne and Iversen, Julie Maria","An application of a revised theory of planned behavior","2012"
"266","should"," Green issues should not be a main consideration when deciding what we do in the future. ","holst2012application","Holst, Anne and Iversen, Julie Maria","An application of a revised theory of planned behavior","2012"
"33","values"," My consumption is identical with my values. ","NA","Oh, Jong-Chul and Yoon, Sung-Joon","Theory-based approach to factors affecting ethical consumption.","2014/05//"
